<grammar version="1.0" sapi:alphabet="x-microsoft-ups" xml:lang="ko-KR" root="Command" 
         tag-format="semantics-ms/1.0" xmlns="http://www.w3.org/2001/06/grammar"
         xmlns:sapi="http://schemas.microsoft.com/Speech/2002/06/SRGSExtensions">
     <rule id="Command" scope="public">
          <one-of>
              <item>컴퓨터, 최대 절전 모드로 들어가</item>
              <item>응</item>
              <item>아니</item>
          </one-of>
     </rule>
</grammar>